model,AUC,acc,spec,sens,prec
resnet10_f,0.525,0.4827586206896552,0.0,1.0,0.4827586206896552
