model,AUC,acc,spec,sens,prec
3d-resnet10_m_T1wCE_fold0_0.49.pth,0.626886145404664,0.5740740740740741,1.0,0.14814814814814814,1.0
3d-resnet10_n_T1wCE_fold0_0.518.pth,0.2853223593964335,0.5,1.0,0.0,0.0
3d-resnet10_fn_T1wCE_fold0_0.577.pth,0.39231824417009603,0.5,1.0,0.0,0.0
3d-resnet10_f_T1wCE_fold0_0.522.pth,0.6282578875171468,0.48148148148148145,0.25925925925925924,0.7037037037037037,0.48717948717948717
