model,AUC,acc,spec,sens,prec
resnet10_m,0.39761904761904765,0.5,0.9333333333333333,0.03571428571428571,0.3333333333333333
