model,AUC,acc,spec,sens,prec
3d-resnet10_m_T1wCE_fold0_0.49.pth,0.38555555555555554,0.43333333333333335,0.7,0.16666666666666666,0.35714285714285715
3d-resnet10_n_T1wCE_fold0_0.518.pth,0.5444444444444445,0.5,1.0,0.0,0.0
3d-resnet10_fn_T1wCE_fold0_0.577.pth,0.6855555555555556,0.5,1.0,0.0,0.0
3d-resnet10_f_T1wCE_fold0_0.522.pth,0.3155555555555556,0.36666666666666664,0.0,0.7333333333333333,0.4230769230769231
