model,AUC,acc,spec,sens,prec
fold0_RSNAAlternativeClassifierSingle2D-DW-SO-KLF-n_Aug19_14-13-35_B,0.5677777777777778,0.5245901639344263,0.5833333333333334,0.44,0.4230769230769231
fold1_RSNAAlternativeClassifierSingle2D-DW-SO-KLF-n_Aug19_14-45-29_B,0.634920634920635,0.6129032258064516,0.6571428571428571,0.5555555555555556,0.5555555555555556
fold2_RSNAAlternativeClassifierSingle2D-DW-SO-KLF-n_Aug19_15-18-20_B,0.503118503118503,0.5238095238095238,0.5945945945945946,0.4230769230769231,0.4230769230769231
fold3_RSNAAlternativeClassifierSingle2D-DW-SO-KLF-n_Aug19_15-51-21_B,0.5383783783783784,0.5806451612903226,0.7567567567567568,0.32,0.47058823529411764
fold4_RSNAAlternativeClassifierSingle2D-DW-SO-KLF-n_Aug19_16-23-56_B,0.5411111111111111,0.5409836065573771,0.5555555555555556,0.52,0.4482758620689655
all_B,0.5556802486187846,0.5566343042071198,0.6298342541436464,0.453125,0.464
