model,AUC,acc,spec,sens,prec
fold0_RSNAClassifierSingle3D-DW-SO-KLF-mn_Aug22_13-59-17_A,0.5412662521198417,0.5378151260504201,0.6724137931034483,0.4098360655737705,0.5681818181818182
fold1_RSNAClassifierSingle3D-DW-SO-KLF-mn_Aug22_14-52-37_A,0.5514997170345218,0.5294117647058824,0.2982456140350877,0.7419354838709677,0.5348837209302325
fold2_RSNAClassifierSingle3D-DW-SO-KLF-mn_Aug22_15-46-27_A,0.5711864406779661,0.5966386554621849,0.6271186440677966,0.5666666666666667,0.6071428571428571
fold3_RSNAClassifierSingle3D-DW-SO-KLF-mn_Aug22_16-38-47_A,0.5629341483745485,0.55,0.4576271186440678,0.639344262295082,0.5492957746478874
fold4_RSNAClassifierSingle3D-DW-SO-KLF-mn_Aug22_17-31-05_A,0.5047080979284368,0.5409836065573771,0.4603174603174603,0.6271186440677966,0.5211267605633803
all_A,0.5538087592543037,0.5509181969949917,0.5033783783783784,0.5973597359735974,0.551829268292683
