model,AUC,acc,spec,sens,prec
fold0_RSNAClassifierSingle3D-DW-SO-KLF-n_Aug19_14-11-53_B_on_A,0.5188870372185733,0.49504950495049505,0.8184818481848185,0.1716171617161716,0.48598130841121495
fold1_RSNAClassifierSingle3D-DW-SO-KLF-n_Aug19_14-43-40_B_on_A,0.5319903277456459,0.5,0.7161716171617162,0.2838283828382838,0.5
fold2_RSNAClassifierSingle3D-DW-SO-KLF-n_Aug19_15-16-05_B_on_A,0.49618773758563983,0.4884488448844885,0.5478547854785478,0.429042904290429,0.4868913857677903
fold3_RSNAClassifierSingle3D-DW-SO-KLF-n_Aug19_15-48-34_B_on_A,0.4878116524523739,0.4801980198019802,0.66996699669967,0.29042904290429045,0.46808510638297873
fold4_RSNAClassifierSingle3D-DW-SO-KLF-n_Aug19_16-20-47_B_on_A,0.5067041357601108,0.5099009900990099,0.5445544554455446,0.4752475247524752,0.5106382978723404
all_B_on_A,0.5056817959023625,0.49471947194719473,0.6594059405940594,0.33003300330033003,0.4921259842519685
