model,AUC,acc,spec,sens,prec
fold0_RSNAAlternativeClassifierSingle2D-DW-SO-KLF-mn_Aug22_14-05-43_A_B,0.500583373845406,0.4261168384879725,0.029411764705882353,0.9834710743801653,0.41901408450704225
fold1_RSNAAlternativeClassifierSingle2D-DW-SO-KLF-mn_Aug22_14-59-16_A_B,0.536558094312105,0.5498281786941581,0.6705882352941176,0.38016528925619836,0.45098039215686275
fold2_RSNAAlternativeClassifierSingle2D-DW-SO-KLF-mn_Aug22_15-53-18_A_B,0.5317938745746233,0.5738831615120275,0.8352941176470589,0.2066115702479339,0.4716981132075472
fold3_RSNAAlternativeClassifierSingle2D-DW-SO-KLF-mn_Aug22_16-47-39_A_B,0.5160913952357803,0.5498281786941581,0.7705882352941177,0.2396694214876033,0.4264705882352941
fold4_RSNAAlternativeClassifierSingle2D-DW-SO-KLF-mn_Aug22_17-42-00_A_B,0.5183762761302868,0.5292096219931272,0.6647058823529411,0.33884297520661155,0.41836734693877553
all_A_B,0.5151443850267379,0.5257731958762887,0.5941176470588235,0.4297520661157025,0.4297520661157025
