model,AUC,acc,spec,sens,prec
fold0_RSNAClassifierSingle3D-DW-SO-KLF-mn_Aug22_13-59-17_A_B,0.5471837612582336,0.5043478260869565,0.9941860465116279,0.017341040462427744,0.75
fold1_RSNAClassifierSingle3D-DW-SO-KLF-mn_Aug22_14-52-37_A_B,0.527959992206274,0.5128205128205128,0.15028901734104047,0.8651685393258427,0.5116279069767442
fold2_RSNAClassifierSingle3D-DW-SO-KLF-mn_Aug22_15-46-27_A_B,0.48102795193312436,0.45714285714285713,0.39204545454545453,0.5229885057471264,0.4595959595959596
fold3_RSNAClassifierSingle3D-DW-SO-KLF-mn_Aug22_16-38-47_A_B,0.4934305610300881,0.4899713467048711,0.615819209039548,0.36046511627906974,0.47692307692307695
fold4_RSNAClassifierSingle3D-DW-SO-KLF-mn_Aug22_17-31-05_A_B,0.4602379043036622,0.48554913294797686,0.7413793103448276,0.22674418604651161,0.4642857142857143
all_A_B,0.4878274089167133,0.48994830557151064,0.5779816513761468,0.4016110471806674,0.48675034867503486
