model,AUC,acc,spec,sens,prec
fold0_RSNAClassifierSingle3D-DW-SO-KLF-m_Aug18_16-34-18_A,0.5321507760532151,0.5411764705882353,0.6818181818181818,0.3902439024390244,0.5333333333333333
fold1_RSNAClassifierSingle3D-DW-SO-KLF-m_Aug18_16-49-14_A,0.6343201754385964,0.6741573033707865,0.9473684210526315,0.1875,0.6666666666666666
fold2_RSNAClassifierSingle3D-DW-SO-KLF-m_Aug18_17-01-12_A,0.6046365914786969,0.6125,1.0,0.18421052631578946,1.0
fold3_RSNAClassifierSingle3D-DW-SO-KLF-m_Aug18_17-13-33_A,0.48278236914600553,0.5324675324675324,0.5757575757575758,0.5,0.6111111111111112
fold4_RSNAClassifierSingle3D-DW-SO-KLF-m_Aug18_17-54-33_A,0.5766304347826087,0.5581395348837209,0.725,0.41304347826086957,0.6333333333333333
