model,AUC,acc,spec,sens,prec
fold0_RSNAClassifierSingle3D-DW-SO-KLF-m_Aug18_16-34-18_A,0.5371660859465738,0.5421686746987951,0.6904761904761905,0.3902439024390244,0.5517241379310345
fold1_RSNAClassifierSingle3D-DW-SO-KLF-m_Aug18_16-49-14_A,0.62890625,0.6704545454545454,0.9464285714285714,0.1875,0.6666666666666666
fold2_RSNAClassifierSingle3D-DW-SO-KLF-m_Aug18_17-01-12_A,0.6150550795593634,0.6172839506172839,1.0,0.18421052631578946,1.0
fold3_RSNAClassifierSingle3D-DW-SO-KLF-m_Aug18_17-13-33_A,0.48533724340175954,0.5333333333333333,0.5806451612903226,0.5,0.6285714285714286
fold4_RSNAClassifierSingle3D-DW-SO-KLF-m_Aug18_17-54-33_A,0.5916149068322981,0.5681818181818182,0.7380952380952381,0.41304347826086957,0.6333333333333333
all_A,0.550216208676245,0.5879518072289157,0.8130841121495327,0.3482587064676617,0.6363636363636364
