model,AUC,acc,spec,sens,prec
fold0_RSNAClassifierSingle3D-DW-SO-KLF-mn_Aug20_13-42-35_AB,0.5507581180451617,0.532258064516129,0.5748031496062992,0.48760330578512395,0.5221238938053098
fold1_RSNAClassifierSingle3D-DW-SO-KLF-mn_Aug20_15-38-50_AB,0.6095223325062035,0.5708661417322834,0.5645161290322581,0.5769230769230769,0.5813953488372093
fold2_RSNAClassifierSingle3D-DW-SO-KLF-mn_Aug20_17-37-56_AB,0.6186141732283464,0.6031746031746031,0.656,0.5511811023622047,0.6194690265486725
fold3_RSNAClassifierSingle3D-DW-SO-KLF-mn_Aug20_19-36-30_AB,0.4923257023933403,0.4717741935483871,0.41935483870967744,0.5241935483870968,0.4744525547445255
fold4_RSNAClassifierSingle3D-DW-SO-KLF-mn_Aug20_21-33-35_AB,0.5609354838709678,0.5783132530120482,0.584,0.5725806451612904,0.5772357723577236
all_AB,0.5780741214057508,0.5515587529976019,0.56,0.5431309904153354,0.5528455284552846
