model,AUC,acc,spec,sens,prec
fold0_RSNAClassifierSingle3D-DW-SO-KLF-n_Aug19_14-11-53_B_A,0.5080329815159733,0.49834983498349833,0.7920792079207921,0.20462046204620463,0.496
fold1_RSNAClassifierSingle3D-DW-SO-KLF-n_Aug19_14-43-40_B_A,0.5260105218442637,0.5066006600660066,0.6666666666666666,0.3465346534653465,0.5097087378640777
fold2_RSNAClassifierSingle3D-DW-SO-KLF-n_Aug19_15-16-05_B_A,0.4928057162151859,0.48514851485148514,0.5181518151815182,0.4521452145214521,0.4840989399293286
fold3_RSNAClassifierSingle3D-DW-SO-KLF-n_Aug19_15-48-34_B_A,0.4940310862769446,0.4933993399339934,0.6468646864686468,0.33993399339933994,0.49047619047619045
fold4_RSNAClassifierSingle3D-DW-SO-KLF-n_Aug19_16-20-47_B_A,0.5034637127079045,0.5181518151815182,0.5313531353135313,0.504950495049505,0.5186440677966102
all_B_A,0.5032205992876515,0.5003300330033004,0.6310231023102311,0.3696369636963696,0.5004468275245755
