model,AUC,acc,spec,sens,prec
fold0_RSNAClassifierSingle3D-DW-SO-KLF-mn_Aug20_13-42-35_AB,0.5583934426229508,0.5506072874493927,0.6721311475409836,0.432,0.574468085106383
fold1_RSNAClassifierSingle3D-DW-SO-KLF-mn_Aug20_15-38-50_AB,0.5968274344397579,0.578125,0.6178861788617886,0.5413533834586466,0.6050420168067226
fold2_RSNAClassifierSingle3D-DW-SO-KLF-mn_Aug20_17-37-56_AB,0.6091472868217054,0.5984251968503937,0.6434108527131783,0.552,0.6
fold3_RSNAClassifierSingle3D-DW-SO-KLF-mn_Aug20_19-36-30_AB,0.5042966167898564,0.5193798449612403,0.6821705426356589,0.35658914728682173,0.5287356321839081
fold4_RSNAClassifierSingle3D-DW-SO-KLF-mn_Aug20_21-33-35_AB,0.5655081967213115,0.5951417004048583,0.64,0.5491803278688525,0.5982142857142857
all_AB,0.5758943820450482,0.5681458003169572,0.6512738853503185,0.48580441640378547,0.5844402277039848
