model,AUC,acc,spec,sens,prec
fold0_RSNAAlternativeClassifierSingle2D-DW-SO-KLF-mn_Aug22_14-05-43_A,0.5063051702395964,0.5486725663716814,0.5,0.5901639344262295,0.5806451612903226
fold1_RSNAAlternativeClassifierSingle2D-DW-SO-KLF-mn_Aug22_14-59-16_A,0.5228241022519782,0.5826086956521739,0.5660377358490566,0.5967741935483871,0.6166666666666667
fold2_RSNAAlternativeClassifierSingle2D-DW-SO-KLF-mn_Aug22_15-53-18_A,0.5296296296296297,0.5789473684210527,0.5925925925925926,0.5666666666666667,0.6071428571428571
fold3_RSNAAlternativeClassifierSingle2D-DW-SO-KLF-mn_Aug22_16-47-39_A,0.6485842026825633,0.6379310344827587,0.5818181818181818,0.6885245901639344,0.6461538461538462
fold4_RSNAAlternativeClassifierSingle2D-DW-SO-KLF-mn_Aug22_17-42-00_A,0.49031476997578693,0.5391304347826087,0.48214285714285715,0.5932203389830508,0.546875
all_A,0.5354968830216356,0.5776614310645725,0.5444444444444444,0.6072607260726073,0.5993485342019544
