model,AUC,acc,spec,sens,prec
fold0_RSNAAlternativeClassifierSingle2D-DW-SO-KLF-n_Aug19_14-13-35_B_on_A,0.6131778058007566,0.584070796460177,0.3269230769230769,0.8032786885245902,0.5833333333333334
fold1_RSNAAlternativeClassifierSingle2D-DW-SO-KLF-n_Aug19_14-45-29_B_on_A,0.48021911138161893,0.46956521739130436,0.7358490566037735,0.24193548387096775,0.5172413793103449
fold2_RSNAAlternativeClassifierSingle2D-DW-SO-KLF-n_Aug19_15-18-20_B_on_A,0.4984567901234568,0.5263157894736842,0.3333333333333333,0.7,0.5384615384615384
fold3_RSNAAlternativeClassifierSingle2D-DW-SO-KLF-n_Aug19_15-51-21_B_on_A,0.45245901639344266,0.4827586206896552,0.5272727272727272,0.4426229508196721,0.5094339622641509
fold4_RSNAAlternativeClassifierSingle2D-DW-SO-KLF-n_Aug19_16-23-56_B_on_A,0.5178571428571428,0.5217391304347826,0.6607142857142857,0.3898305084745763,0.5476190476190477
all_B_on_A,0.5072729495171739,0.5165794066317626,0.5185185185185185,0.5148514851485149,0.5454545454545454
