model,AUC,acc,spec,sens,prec
fold0_RSNAAlternativeClassifierSingle2D-DW-SO-KLF-m_Aug19_09-40-29_A,0.5515947467166978,0.5125,0.6153846153846154,0.4146341463414634,0.53125
fold1_RSNAAlternativeClassifierSingle2D-DW-SO-KLF-m_Aug19_10-15-21_A,0.5813802083333334,0.4875,0.3541666666666667,0.6875,0.41509433962264153
fold2_RSNAAlternativeClassifierSingle2D-DW-SO-KLF-m_Aug19_10-50-28_A,0.5080971659919028,0.5324675324675324,0.48717948717948717,0.5789473684210527,0.5238095238095238
fold3_RSNAAlternativeClassifierSingle2D-DW-SO-KLF-m_Aug19_09-42-53_A,0.5172413793103448,0.5068493150684932,0.41379310344827586,0.5681818181818182,0.5952380952380952
fold4_RSNAAlternativeClassifierSingle2D-DW-SO-KLF-m_Aug19_10-18-34_A,0.6556991774383079,0.6144578313253012,0.5675675675675675,0.6521739130434783,0.6521739130434783
all_A,0.5625,0.5318066157760815,0.484375,0.5771144278606966,0.5395348837209303
