model,AUC,acc,spec,sens,prec
fold0_RSNAAlternativeClassifierSingle2D-DW-SO-KLF-mn_Aug20_14-21-30_AB,0.5241146934460887,0.5689655172413793,0.5568181818181818,0.5813953488372093,0.5617977528089888
fold1_RSNAAlternativeClassifierSingle2D-DW-SO-KLF-mn_Aug20_16-20-40_AB,0.5352400408580184,0.519774011299435,0.17045454545454544,0.8651685393258427,0.5133333333333333
fold2_RSNAAlternativeClassifierSingle2D-DW-SO-KLF-mn_Aug20_18-21-17_AB,0.5401226680296448,0.5310734463276836,0.4725274725274725,0.5930232558139535,0.5151515151515151
fold3_RSNAAlternativeClassifierSingle2D-DW-SO-KLF-mn_Aug20_20-22-07_AB,0.548407482305359,0.5224719101123596,0.6304347826086957,0.4069767441860465,0.5072463768115942
fold4_RSNAAlternativeClassifierSingle2D-DW-SO-KLF-mn_Aug20_22-22-35_AB,0.5705227743271222,0.5454545454545454,0.5652173913043478,0.5238095238095238,0.5238095238095238
all_AB,0.5517128731717607,0.5374149659863946,0.4811529933481153,0.5962877030162413,0.5234215885947047
