model,AUC,acc,spec,sens,prec
fold0_RSNAClassifierSingle3D-DW-SO-KLF-m_Aug18_16-34-18_A_on_B,0.43354515954570033,0.44476744186046513,0.48255813953488375,0.4069767441860465,0.44025157232704404
fold1_RSNAClassifierSingle3D-DW-SO-KLF-m_Aug18_16-49-14_A_on_B,0.504806131064493,0.4985754985754986,0.9884393063583815,0.02247191011235955,0.6666666666666666
fold2_RSNAClassifierSingle3D-DW-SO-KLF-m_Aug18_17-01-12_A_on_B,0.5212337662337663,0.5042735042735043,1.0,0.005714285714285714,1.0
fold3_RSNAClassifierSingle3D-DW-SO-KLF-m_Aug18_17-13-33_A_on_B,0.5669210691512209,0.5833333333333334,0.6610169491525424,0.5029239766081871,0.589041095890411
fold4_RSNAClassifierSingle3D-DW-SO-KLF-m_Aug18_17-54-33_A_on_B,0.5028067361668003,0.5,0.9482758620689655,0.046511627906976744,0.47058823529411764
all_A_on_B,0.516512176045322,0.5063218390804598,0.8165137614678899,0.19470046082949308,0.513677811550152
