model,AUC,acc,spec,sens,prec
fold0_RSNAClassifierSingle3D-DW-SO-KLF-n_Aug19_14-11-53_B,0.6200980392156862,0.6428571428571429,0.6944444444444444,0.5882352941176471,0.6451612903225806
fold1_RSNAClassifierSingle3D-DW-SO-KLF-n_Aug19_14-43-40_B,0.7098901098901098,0.6351351351351351,0.8571428571428571,0.4358974358974359,0.7727272727272727
fold2_RSNAClassifierSingle3D-DW-SO-KLF-n_Aug19_15-16-05_B,0.5833976833976834,0.5555555555555556,0.7027027027027027,0.4,0.56
fold3_RSNAClassifierSingle3D-DW-SO-KLF-n_Aug19_15-48-34_B,0.5980819529206626,0.6470588235294118,0.8648648648648649,0.3870967741935484,0.7058823529411765
fold4_RSNAClassifierSingle3D-DW-SO-KLF-n_Aug19_16-20-47_B,0.5202020202020202,0.5217391304347826,0.5833333333333334,0.45454545454545453,0.5
all_B,0.5979538738275729,0.6005665722379604,0.7403314917127072,0.45348837209302323,0.624
