model,AUC,acc,spec,sens,prec
fold0_RSNAAlternativeClassifierSingle2D-DW-SO-KLF-m_Aug19_09-40-29_A_on_B,0.48172095284394756,0.5120274914089347,0.6235294117647059,0.35537190082644626,0.40186915887850466
fold1_RSNAAlternativeClassifierSingle2D-DW-SO-KLF-m_Aug19_10-15-21_A_on_B,0.487894992707827,0.47079037800687284,0.47058823529411764,0.47107438016528924,0.3877551020408163
fold2_RSNAAlternativeClassifierSingle2D-DW-SO-KLF-m_Aug19_10-50-28_A_on_B,0.4903743315508022,0.4639175257731959,0.29411764705882354,0.7024793388429752,0.4146341463414634
fold3_RSNAAlternativeClassifierSingle2D-DW-SO-KLF-m_Aug19_09-42-53_A_on_B,0.4720466699076325,0.4536082474226804,0.34705882352941175,0.6033057851239669,0.3967391304347826
fold4_RSNAAlternativeClassifierSingle2D-DW-SO-KLF-m_Aug19_10-18-34_A_on_B,0.5051288283908605,0.45017182130584193,0.10588235294117647,0.9338842975206612,0.42641509433962266
all_A_on_B,0.4913320369470102,0.47010309278350515,0.36823529411764705,0.6132231404958678,0.40859030837004406
