model,AUC,acc,spec,sens,prec
fold0_RSNAAlternativeClassifierSingle2D-DW-SO-KLF-n_Aug19_14-13-35_B_A,0.5429470724850263,0.5445026178010471,0.3074074074074074,0.7557755775577558,0.5504807692307693
fold1_RSNAAlternativeClassifierSingle2D-DW-SO-KLF-n_Aug19_14-45-29_B_A,0.49586236401417927,0.4816753926701571,0.7037037037037037,0.2838283828382838,0.5180722891566265
fold2_RSNAAlternativeClassifierSingle2D-DW-SO-KLF-n_Aug19_15-18-20_B_A,0.5283645031169784,0.5410122164048866,0.3,0.7557755775577558,0.5478468899521531
fold3_RSNAAlternativeClassifierSingle2D-DW-SO-KLF-n_Aug19_15-51-21_B_A,0.495336755897812,0.49912739965095987,0.5814814814814815,0.42574257425742573,0.5330578512396694
fold4_RSNAAlternativeClassifierSingle2D-DW-SO-KLF-n_Aug19_16-23-56_B_A,0.48662143992177,0.47294938917975565,0.6148148148148148,0.3465346534653465,0.5023923444976076
all_B_A,0.5006554210976653,0.5078534031413613,0.5014814814814815,0.5135313531353135,0.5361819434872501
