model,AUC,acc,spec,sens,prec
fold0_RSNAClassifierSingle3D-DW-SO-KLF-n_Aug19_14-11-53_B,0.636437908496732,0.6714285714285714,0.6666666666666666,0.6764705882352942,0.6571428571428571
fold1_RSNAClassifierSingle3D-DW-SO-KLF-n_Aug19_14-43-40_B,0.7516483516483516,0.6216216216216216,0.7714285714285715,0.48717948717948717,0.7037037037037037
fold2_RSNAClassifierSingle3D-DW-SO-KLF-n_Aug19_15-16-05_B,0.6102994886778671,0.527027027027027,0.6486486486486487,0.40540540540540543,0.5357142857142857
fold3_RSNAClassifierSingle3D-DW-SO-KLF-n_Aug19_15-48-34_B,0.5722007722007721,0.5555555555555556,0.7837837837837838,0.3142857142857143,0.5789473684210527
fold4_RSNAClassifierSingle3D-DW-SO-KLF-n_Aug19_16-20-47_B,0.5206093189964157,0.5074626865671642,0.5277777777777778,0.4838709677419355,0.46875
all_B,0.6058984178804621,0.5770308123249299,0.6795580110497238,0.4715909090909091,0.5886524822695035
